<?xml version="1.0" encoding="UTF-8"?>

<Configuration status="WARN">

	<Properties>
		<Property name="basePath">./results</Property>
	</Properties>

	<Appenders>
		<File name="FileAppender" fileName="${basePath}/Prints-${date:yyyy.MM.dd.HH.mm.ss}.log"
			immediateFlush="false" append="true">
			<PatternLayout
				pattern="%d{yyy-MM-dd HH:mm:ss.SSS} [%t] %-5level %logger{36} - %msg%n" />
		</File>
		<Console name="ConsoleAppender" target="SYSTEM_OUT">
			<PatternLayout pattern="%d{HH:mm:ss.SSS} [%t] %-5level %logger{36} - %msg%n" />
		</Console>
	</Appenders>

	<Loggers>
		<Root level="trace" additivity="false">
			<AppenderRef ref="ConsoleAppender" />
			<AppenderRef ref="FileAppender" />
		</Root>
	</Loggers>

</Configuration>